story_id,prediction
0,0.82268506
1,0.7707771
2,0.84229976
3,0.85135907
4,0.68510526
5,0.6620336
6,0.77644676
7,0.76907545
8,0.8488403
9,0.7388778
